1,0,0,0,2,0,0,0,0
2,1,1,0,3,0,0,0,0
3,0,2,0,0,0,0,0,0
4,0,0,0,0,0,0,1,0
5,6,0,0,0,0,0,1,0
6,4,6,0,1,4,3,1,3
7,1,0,0,0,0,0,0,0
8,1,0,0,0,0,0,0,0
9,1,0,0,0,0,0,0,0
10,1,0,0,0,0,0,0,0
11,4,0,0,0,0,0,0,0
12,37,2,0,0,20,0,6,1
13,0,2,1,3,0,0,0,0
14,0,0,1,0,0,0,0,0
15,1,0,0,0,0,0,0,0
16,1,1,0,5,0,2,0,0
17,6,2,2,8,4,2,0,1
18,1,0,0,0,0,0,0,0
19,0,2,2,0,0,1,0,0
20,1,3,1,2,0,0,0,0
21,1,5,1,0,1,0,0,0
22,6,10,7,6,0,0,0,0
23,0,0,0,0,1,0,0,0
24,0,0,0,0,1,0,0,0
25,0,0,0,0,1,0,0,0
26,4,5,5,1,3,12,2,2
27,0,0,0,0,2,1,0,0
28,1,2,1,0,0,4,1,0
29,6,14,5,8,7,28,14,0
30,0,1,0,2,0,0,1,0
31,0,4,0,2,1,1,1,0
32,0,1,0,0,0,0,0,0
33,2,3,0,1,6,1,1,0
34,6,3,2,0,1,0,0,0
35,5,2,0,2,2,7,1,1
36,0,0,0,0,2,5,4,0
37,0,0,0,0,1,0,0,0
38,0,0,1,0,1,2,0,0
39,0,0,0,0,2,2,0,0
40,0,1,1,0,1,5,1,0
41,1,1,1,0,0,3,0,0
42,5,2,1,0,2,3,2,0
43,0,1,0,0,0,0,0,0
44,0,1,0,0,1,0,0,0
45,0,1,0,0,0,0,0,0
46,0,1,0,0,1,0,0,0
47,0,1,0,0,0,0,0,0
48,3,6,6,2,4,8,6,1
49,14,15,1,0,1,6,2,0
50,0,0,0,0,0,0,1,0
51,0,1,0,1,0,3,2,0
52,1,0,0,0,0,1,0,0
53,0,0,0,0,1,0,0,0
54,4,5,1,6,1,0,0,0
55,1,1,0,0,1,0,0,0
56,0,0,0,0,0,0,0,1
57,0,0,1,0,7,0,0,9
58,0,0,0,0,2,0,1,13
59,0,0,1,0,0,0,0,0
60,1,0,1,0,1,16,12,1
61,0,0,1,0,0,0,1,0
62,0,0,1,0,0,0,0,0
63,1,1,5,1,14,5,2,1
64,2,1,0,0,0,0,1,0
65,0,4,1,0,1,2,1,2
66,0,0,0,0,1,0,0,0
67,0,0,0,0,0,1,0,0
68,0,0,0,0,0,5,5,0
69,0,0,0,0,0,2,4,0
70,1,0,0,0,0,5,5,1
71,1,0,0,0,1,14,3,2
72,20,11,4,6,4,8,9,0
73,0,0,0,0,0,2,6,0
74,3,0,0,0,0,0,0,0
75,0,0,0,0,0,0,2,0
76,1,0,0,0,0,0,0,0
77,5,2,0,7,0,0,0,0
78,1,0,0,0,0,0,0,0
79,0,0,0,0,0,1,1,0
80,0,0,0,0,0,1,0,0
81,54,61,9,11,4,5,3,0
82,0,0,0,0,0,1,0,0
83,6,7,0,0,0,0,0,0
84,1,0,0,0,14,3,10,30
85,0,0,0,0,1,0,0,3
86,0,0,2,1,0,1,3,0
87,0,0,0,0,13,1,0,0
88,0,0,0,0,3,2,1,2
89,10,9,8,5,2,0,0,1
90,1,6,2,2,0,0,0,0
91,1,2,1,2,0,0,0,0
92,0,0,0,0,0,5,5,0
93,0,0,0,0,0,0,1,0
94,0,3,6,0,5,0,1,2
95,0,2,2,0,5,0,0,2
96,2,1,0,8,0,0,2,0
97,1,0,0,0,0,0,1,0
98,0,0,0,1,0,0,0,0
99,1,1,0,0,0,0,0,0
100,8,8,3,0,0,0,0,0
101,1,0,0,0,0,0,0,0
102,1,0,3,0,6,14,7,6
103,0,0,0,0,2,0,0,0
104,0,0,0,0,1,0,0,0
105,0,1,0,0,1,0,0,0
106,0,1,0,0,0,0,2,0
107,0,0,0,0,0,3,3,0
108,0,0,0,0,0,1,7,0
109,0,0,0,0,0,6,8,0
110,0,0,0,0,0,1,1,0
111,0,0,0,0,0,4,2,2
112,14,2,0,0,0,0,1,1
113,0,1,2,1,0,0,0,0
114,1,1,0,0,0,0,0,0
115,6,2,5,1,0,0,0,0
116,3,2,4,1,0,0,0,0
117,0,1,0,0,0,0,0,0
118,0,1,0,0,0,0,0,0
119,2,0,1,0,8,1,1,1
120,0,1,12,0,7,0,1,0
121,0,0,1,0,2,0,0,0
122,3,1,0,1,0,0,0,0
123,3,0,0,1,0,0,0,0
124,0,1,4,0,2,0,1,0
125,2,1,12,3,2,5,10,1
126,1,2,0,1,0,6,3,0
127,0,0,0,1,0,3,0,0
128,1,0,0,0,0,0,0,0
129,3,0,0,0,0,1,0,0
130,0,0,0,0,2,8,8,0
131,0,0,0,0,0,0,1,0
132,0,0,0,0,0,0,1,2
133,0,1,0,4,0,1,0,0
134,0,0,0,1,0,0,0,0
135,0,0,0,1,0,0,0,0
136,0,5,2,5,0,2,2,0
137,1,7,3,3,0,0,1,0
138,4,1,1,0,0,0,0,0
139,1,1,2,0,0,0,0,0
140,11,9,8,1,1,0,0,0
141,0,0,0,0,0,0,0,1
142,2,0,0,0,0,0,0,0
143,3,0,3,0,1,2,2,5
144,2,0,0,0,0,2,1,0
145,0,0,0,0,0,1,2,0
146,1,0,0,0,1,0,0,0
147,2,1,0,0,0,0,0,0
148,1,0,0,0,0,1,0,0
149,52,18,12,24,1,1,0,0
150,4,0,0,0,0,1,2,0
151,0,1,0,0,1,1,0,0
152,0,0,0,0,1,0,0,0
153,0,0,0,0,3,0,0,0
154,1,0,0,0,0,1,0,0
155,3,0,1,0,1,0,0,0
156,0,1,0,0,0,0,0,0
157,2,1,0,1,0,3,2,0
158,0,1,0,0,0,0,0,0
159,0,1,0,0,0,0,0,0
160,0,1,0,0,0,0,0,0
161,3,3,0,0,0,0,0,0
162,0,0,0,0,0,2,0,0
163,0,0,0,1,0,0,1,0
164,1,3,2,6,0,1,2,0
165,0,2,0,1,0,0,0,0
166,0,0,0,0,1,0,0,1
167,0,0,0,1,1,0,0,0
168,1,0,0,0,2,0,0,0
169,0,0,0,0,3,1,0,1
170,1,0,0,0,0,0,0,0
171,0,1,0,0,0,0,0,0
172,2,3,0,0,0,0,0,0
173,5,1,0,0,0,0,0,0
174,2,8,3,0,0,0,0,0
175,2,1,3,0,35,1,0,13
176,1,0,0,0,1,0,0,0
177,2,0,0,0,0,0,0,0
178,0,0,0,0,3,1,0,1
179,0,0,0,0,6,1,3,6
180,1,0,1,0,6,0,0,2
181,0,0,0,0,2,0,0,1
182,1,1,0,3,0,1,0,0
183,5,6,3,5,3,7,1,0
184,0,0,0,0,0,3,7,0
185,0,0,0,0,0,4,7,0
186,0,0,0,0,0,1,0,0
187,0,0,0,0,0,2,1,0
188,0,0,0,0,0,3,2,1
189,0,0,0,0,0,2,0,1
190,0,0,0,0,0,14,11,16
191,3,0,0,0,0,1,0,0
192,1,0,0,0,1,0,0,0
193,3,0,8,0,4,1,4,0
194,0,0,0,0,0,7,7,4
195,1,0,0,0,1,3,1,0
196,4,0,0,0,12,7,6,0
197,3,1,3,0,4,1,0,1
198,0,0,0,0,0,11,11,1
199,0,0,0,0,0,0,2,0
200,0,0,0,0,0,17,15,1
201,0,0,0,4,0,0,0,0
202,1,0,0,0,0,0,0,0
203,0,0,0,1,0,0,0,0
204,0,0,0,1,0,0,3,1
205,0,0,0,0,0,17,12,22
206,0,1,0,0,0,0,1,0
207,0,0,0,0,0,6,4,0
208,0,0,0,1,0,8,6,0
209,0,0,0,0,0,3,2,0
210,2,0,0,0,0,3,0,0
211,0,0,0,0,0,1,0,0
212,0,0,0,0,0,3,1,0
213,0,0,0,0,0,13,9,0
214,0,0,0,0,0,1,0,0
215,0,0,0,0,0,1,2,0
216,0,0,0,0,0,1,0,0
217,0,0,0,0,0,1,2,0
218,0,0,0,0,0,4,1,0
219,7,3,0,0,0,0,0,0
220,5,1,0,0,1,1,1,0
221,0,2,2,3,0,1,1,0
222,21,24,0,5,0,0,2,0
223,1,3,0,0,0,0,0,0
224,1,4,3,4,0,2,4,0
225,0,0,0,4,0,0,0,0
226,0,0,0,3,0,0,0,0
227,0,0,0,0,0,8,9,0
228,0,0,0,0,0,23,22,3
229,0,0,0,0,0,1,1,1
230,0,0,0,0,0,17,8,21
231,4,0,0,1,0,0,0,0
232,0,0,0,0,8,0,1,7
233,1,0,0,0,2,1,0,2
234,1,3,8,1,0,0,0,0
235,0,0,0,0,0,1,6,9
236,0,0,0,0,1,3,16,19
237,1,0,1,0,0,0,0,0
238,0,0,0,0,0,3,9,2
239,0,0,0,0,0,0,1,0
240,4,1,0,0,14,0,0,5
241,0,1,0,5,0,0,0,0
242,9,0,3,0,14,1,0,1
243,3,0,0,0,1,10,7,14
244,0,0,1,0,1,0,0,0
245,0,1,12,0,3,0,2,0
246,1,0,0,0,0,0,0,0
247,0,1,0,1,0,0,0,0
248,0,1,0,0,0,9,2,0
249,1,1,0,0,0,0,0,0
250,0,2,1,6,0,2,0,0
251,0,0,0,2,0,0,0,0
252,0,0,0,1,0,0,0,0
253,0,0,0,1,0,0,0,0
254,1,0,0,0,0,0,0,0
255,7,2,0,0,0,0,1,0
256,10,2,3,1,0,0,0,0
257,3,2,10,0,14,0,1,0
258,0,0,0,0,1,0,0,0
259,0,0,0,0,5,1,1,3
260,0,0,0,0,1,0,0,0
261,0,0,0,0,1,0,0,1
262,0,0,0,0,5,1,1,1
263,0,0,0,0,0,0,0,1
264,0,0,0,0,0,0,0,1
265,0,0,0,0,0,0,1,0
266,0,0,0,0,0,12,11,2
267,4,0,0,0,2,1,0,0
268,5,2,2,3,5,4,3,0
269,6,0,0,1,3,4,3,0
270,1,0,0,0,0,0,0,0
271,0,0,0,0,0,1,0,0
272,0,0,0,0,0,7,4,0
273,0,0,0,0,0,3,5,0
274,0,1,0,0,0,0,0,0
275,2,0,1,0,1,8,3,0
276,0,0,0,1,0,0,0,0
277,7,7,1,0,0,1,5,0
278,0,0,0,1,0,0,1,0
279,0,0,1,0,0,0,0,0
280,0,0,1,0,0,0,0,0
281,4,4,0,0,0,0,0,0
282,5,2,0,1,0,0,0,0
283,1,0,0,0,0,4,0,0
284,1,2,0,4,2,8,0,0
285,10,0,1,1,0,0,0,0
286,1,0,0,0,0,0,0,0
287,0,0,0,1,0,0,0,0
288,0,1,0,0,0,3,3,0
289,1,5,0,0,0,7,7,0
290,0,1,0,0,0,0,0,0
291,0,0,0,1,0,0,1,0
292,0,10,11,0,0,8,5,4
293,0,1,3,1,2,7,3,3
294,0,0,0,0,0,2,3,4
295,1,1,0,0,7,4,1,2
296,11,0,1,0,11,2,0,3
297,0,2,9,5,0,1,1,0
298,0,0,0,2,0,0,1,0
299,0,0,0,2,0,0,0,0
300,0,0,0,2,0,0,0,0
301,1,1,1,2,0,0,0,0
302,0,1,0,0,0,2,0,0
303,0,1,0,10,0,2,0,0
304,3,3,0,2,0,2,0,0
305,0,0,0,1,0,0,0,0
306,0,0,0,4,0,0,0,0
307,0,0,0,0,0,1,2,0
308,8,4,0,0,5,5,4,0
309,0,0,0,0,0,1,2,0
310,0,0,0,1,0,0,0,0
311,0,0,0,0,0,0,1,0
312,4,3,0,1,1,0,0,0
313,0,0,0,1,0,0,0,0
314,0,0,0,2,0,0,0,0
315,5,3,0,0,0,1,0,0
316,0,0,0,0,0,3,1,0
317,3,0,0,0,1,2,4,1
318,0,0,0,0,0,3,1,0
319,4,0,0,0,0,0,0,0
320,1,0,0,0,1,0,0,2
321,0,0,0,0,0,1,0,0
322,0,0,0,0,0,2,0,0
323,0,0,0,0,0,1,0,1
324,1,1,0,0,0,0,0,0
325,0,0,1,0,0,0,0,0
326,0,0,1,0,3,0,1,0
327,2,3,3,0,3,4,9,1
328,0,0,0,1,0,1,0,0
329,0,0,0,0,0,2,7,0
330,1,0,0,0,7,0,0,1
331,14,9,5,2,2,8,6,0
332,3,0,0,0,0,0,0,0
333,3,1,0,0,0,0,0,0
334,0,0,0,0,0,2,0,0
335,0,0,2,0,0,3,4,2
336,0,0,0,0,1,1,0,0
337,1,0,7,0,22,6,1,0
338,2,0,0,0,1,0,4,0
339,0,0,0,0,0,2,1,0
340,61,42,16,9,1,3,6,2
341,0,0,0,1,0,0,0,0
342,8,3,2,0,0,1,0,0
343,0,0,5,0,12,7,5,7
344,1,0,1,0,1,1,0,0
345,17,21,4,2,1,0,1,0
346,0,1,0,0,9,0,0,2
347,0,0,0,0,13,2,1,4
348,3,0,0,0,3,0,0,0
349,1,0,0,0,0,2,1,0
350,1,0,1,4,0,0,0,0
351,0,0,0,1,0,0,0,0
352,1,0,0,5,0,3,2,0
353,0,1,0,0,0,0,0,0
354,1,0,0,0,0,0,0,0
355,1,0,0,0,0,0,0,0
356,1,2,0,1,0,2,0,0
357,4,4,0,2,0,4,1,0
358,5,18,1,5,0,7,5,0
359,1,0,0,0,0,1,0,0
360,0,0,0,0,0,1,0,0
361,0,0,1,0,0,1,0,0
362,0,0,0,0,0,5,0,0
363,2,1,0,0,2,1,1,0
364,1,1,1,0,0,0,0,0
365,3,0,0,0,0,0,0,0
366,1,0,0,0,0,0,0,0
367,2,0,0,0,0,0,0,0
368,1,0,0,0,0,0,0,0
369,2,0,1,0,0,1,0,0
370,0,1,0,0,0,0,0,0
371,0,0,4,0,0,0,0,0
372,2,4,8,2,0,1,1,0
373,0,0,1,0,0,0,0,0
374,3,2,2,0,0,3,1,0
375,2,0,1,0,15,10,2,5
376,0,0,0,0,1,0,0,0
377,1,1,0,0,0,0,0,0
378,0,0,0,2,0,0,0,0
379,0,0,0,2,0,0,0,0
380,3,0,2,2,2,4,2,0
381,0,0,2,2,0,0,0,0
382,0,0,1,7,1,1,1,0
383,2,4,4,1,4,5,3,1
384,2,4,1,8,0,0,0,0
385,1,0,0,0,0,0,0,0
386,1,0,0,0,0,0,0,0
387,0,0,0,0,0,1,0,0
388,12,8,0,0,1,5,3,0
389,2,0,0,0,2,3,4,2
390,0,1,0,0,0,0,0,0
391,0,0,1,0,13,12,5,5
392,0,0,0,0,0,1,0,0
393,0,0,1,0,1,1,0,0
394,2,0,4,0,1,0,0,1
395,1,0,10,0,7,1,0,2
396,1,2,0,0,0,0,0,0
397,1,1,0,0,0,0,0,0
398,0,1,0,0,0,0,0,0
399,0,1,0,0,0,0,0,0
400,0,1,0,0,0,0,0,0
401,3,2,0,0,0,0,0,0
402,0,0,0,0,4,4,6,7
403,1,0,2,0,1,0,0,0
404,1,4,4,0,14,12,8,1
405,0,0,0,0,0,3,1,0
406,0,0,0,0,0,1,0,0
407,0,3,0,3,0,9,5,1
408,0,0,0,0,0,2,3,0
409,7,5,4,1,1,0,0,0
410,3,1,0,0,0,0,0,0
411,2,1,0,0,0,0,0,0
412,1,4,0,2,0,0,0,0
413,0,0,0,0,0,1,0,0
414,0,0,0,0,0,1,0,0
415,1,0,1,0,0,0,0,0
416,0,0,0,0,0,4,5,9
417,0,1,0,0,0,0,0,0
418,0,2,0,0,0,0,0,0
419,0,1,0,0,0,0,0,0
420,4,14,2,6,0,6,3,0
421,1,1,2,0,1,0,1,0
422,5,4,2,0,8,1,0,0
423,1,1,0,0,1,1,0,0
424,0,0,0,0,0,1,0,0
425,0,0,0,1,1,3,2,2
426,0,0,0,0,5,3,2,0
427,1,1,0,0,0,0,0,0
428,1,1,0,0,0,0,0,0
429,0,1,0,0,0,5,0,1
430,0,2,0,0,0,5,1,2
431,0,0,0,1,0,5,0,0
432,0,0,0,0,0,1,0,0
433,0,2,2,2,0,9,1,2
434,0,1,0,0,0,1,1,0
435,0,1,0,1,0,4,0,0
436,14,0,0,2,0,0,1,0
437,8,0,0,1,0,0,0,0
438,0,0,1,0,0,0,0,0
439,0,0,1,0,3,3,7,0
440,0,0,0,0,3,16,15,16
441,0,2,9,12,2,3,5,0
442,0,1,0,3,0,0,0,0
443,2,7,2,13,0,7,3,0
444,0,2,0,1,0,0,0,0
445,0,1,0,0,0,0,0,0
446,0,2,0,4,0,1,0,0
447,0,0,3,0,0,0,0,0
448,1,2,4,0,0,0,0,0
449,0,0,0,0,0,1,0,0
450,0,0,0,0,1,0,0,0
451,0,0,1,0,0,8,3,0
452,0,0,0,0,0,3,1,2
453,1,0,2,0,3,2,0,0
454,1,0,0,0,0,7,1,0
455,1,0,0,0,0,2,0,0
456,2,0,0,0,0,14,6,0
457,1,0,0,0,0,4,0,0
458,1,0,0,1,0,0,0,0
459,0,0,0,1,0,0,0,0
460,0,0,0,1,0,0,0,0
461,0,0,0,1,0,0,0,0
462,0,0,0,3,0,0,0,0
463,0,0,0,1,0,0,0,0
464,0,0,0,1,0,0,0,0
465,3,0,0,0,8,0,0,2
466,0,0,0,0,0,0,3,0
467,0,0,0,0,0,1,0,0
468,5,14,0,3,0,2,0,0
469,0,0,0,0,0,1,1,0
470,0,0,0,0,0,2,2,0
471,1,1,0,5,0,0,1,0
472,4,3,9,0,12,16,8,0
473,0,1,1,0,2,1,1,10
474,0,0,0,0,0,2,0,0
475,0,0,9,1,10,7,8,5
476,0,0,0,0,9,1,1,0
477,0,0,0,0,0,12,6,1
478,0,0,0,0,0,0,1,1
479,0,0,0,1,0,0,0,0
480,1,2,0,1,1,1,1,0
481,0,0,0,2,0,0,0,0
482,0,0,0,2,0,0,0,0
483,0,0,0,3,0,0,0,0
484,0,0,0,0,0,0,1,0
485,1,2,0,4,2,2,2,0
486,3,0,1,0,4,1,1,0
487,1,0,0,0,1,4,5,0
488,1,0,0,0,0,0,0,0
489,1,0,1,0,0,0,0,0
490,1,0,0,0,0,0,0,0
491,3,1,1,0,0,0,0,0
492,2,0,0,0,1,0,0,0
493,1,0,0,0,0,0,0,0
494,4,1,0,0,0,3,0,0
495,0,0,0,0,0,1,0,0
496,0,0,0,0,0,1,0,0
497,7,4,0,1,0,5,3,0
498,0,0,0,0,0,0,1,0
499,0,0,0,0,0,1,1,0
500,2,1,0,0,2,3,0,1
501,0,0,0,0,1,0,0,0
502,0,0,0,0,12,3,0,1
503,0,0,0,1,3,0,0,0
504,1,3,6,4,4,0,0,0
505,0,0,0,0,0,1,0,0
506,22,11,2,6,0,2,1,0
507,0,0,1,0,2,0,0,1
508,0,1,1,0,4,0,0,0
509,2,1,0,0,1,0,0,0
510,1,0,0,2,0,1,0,0
511,1,1,0,0,0,0,0,0
512,0,1,0,0,0,0,0,0
513,0,3,0,3,0,0,0,0
514,0,0,0,0,0,2,0,0
515,0,0,0,0,0,3,0,0
516,0,0,0,0,0,1,0,0
517,1,0,0,1,0,9,5,0
518,0,10,0,1,0,3,0,0
519,1,1,0,0,0,0,0,0
520,12,18,5,3,9,42,21,0
521,2,23,2,1,2,8,2,0
522,0,1,4,0,2,0,0,0
523,0,0,0,0,0,1,0,0
524,1,0,0,0,0,2,0,0
525,0,1,0,0,21,3,3,6
526,0,0,1,0,0,0,0,1
527,0,0,0,0,4,12,5,2
528,0,0,0,0,0,1,3,0
529,0,0,0,0,0,11,8,1
530,0,0,1,2,0,0,0,0
531,2,1,4,2,0,0,1,0
532,0,0,0,3,0,0,0,0
533,0,1,0,0,0,0,0,0
534,0,0,0,0,1,1,0,0
535,1,0,0,0,0,1,2,25
536,1,2,0,0,0,0,0,0
537,1,3,0,0,1,6,2,0
538,0,4,0,0,0,0,0,0
539,1,3,1,7,0,0,0,0
540,0,2,0,2,0,0,0,0
541,0,0,0,3,0,0,0,0
542,2,0,0,2,0,5,1,0
543,0,1,0,0,0,0,0,0
544,11,20,3,9,0,3,1,0
545,3,6,5,12,3,0,0,0
546,0,3,3,4,1,0,2,0
547,10,3,2,1,22,17,1,4
548,0,0,0,0,1,0,0,0
549,1,0,0,0,10,0,0,0
550,1,0,0,0,0,0,0,0
551,0,0,0,0,0,1,0,0
552,1,0,1,0,0,2,0,0
553,0,2,2,1,1,1,0,0
554,0,2,0,0,0,0,0,0
555,21,11,8,1,3,1,0,0
556,1,1,6,2,1,0,0,0
557,1,4,2,0,0,4,1,0
558,3,4,0,0,3,1,1,3
559,4,1,0,0,0,0,0,0
560,1,1,0,0,0,0,0,0
561,2,0,0,0,0,0,0,0
562,8,1,0,0,0,0,0,0
563,1,0,0,0,0,0,0,0
564,1,0,0,0,0,0,0,0
565,4,1,0,0,0,1,0,0
566,1,0,0,0,0,0,0,0
567,1,0,0,0,0,0,0,0
568,9,1,1,0,0,0,0,0
569,2,0,0,0,0,0,0,0
570,1,0,0,1,0,0,0,0
571,2,0,0,1,0,1,0,0
572,4,0,2,0,6,6,4,1
573,0,0,0,0,0,0,1,0
574,1,0,0,0,0,2,1,0
575,3,6,3,1,5,7,5,2
576,1,0,2,0,0,0,0,0
577,5,6,1,3,2,5,0,0
578,0,0,0,0,3,5,9,0
579,0,0,6,0,14,1,0,1
580,0,0,0,0,1,0,0,0
581,1,0,0,0,0,0,1,0
582,5,0,0,0,2,8,2,0
583,0,0,0,0,3,0,0,0
584,0,1,2,0,0,0,0,0
585,0,1,2,0,0,1,0,0
586,1,1,0,0,1,0,0,1
587,0,0,0,0,2,6,3,1
588,1,1,2,0,2,8,4,0
589,0,0,0,0,0,9,12,0
590,0,1,1,0,0,0,0,1
591,0,0,1,0,0,2,0,0
592,0,0,1,0,0,0,0,0
593,0,0,1,0,0,0,0,0
594,0,0,0,0,1,0,0,0
595,1,1,1,0,6,0,2,1
596,0,0,0,0,0,1,1,0
597,1,11,0,0,4,11,2,0
598,0,0,0,0,3,5,3,0
599,0,5,4,0,2,3,3,0
600,1,1,0,0,0,0,0,0
601,1,0,0,0,0,0,0,0
602,3,3,0,0,0,0,0,0
603,1,0,0,0,0,0,0,0
604,1,0,0,0,0,0,0,0
605,0,0,1,0,2,0,0,1
606,0,0,0,0,0,1,0,0
607,2,0,0,0,0,1,0,0
608,2,0,0,0,0,2,0,0
609,1,0,0,1,0,2,0,0
610,0,0,0,0,0,7,3,0
611,0,0,0,2,1,6,0,0
612,1,3,0,4,0,0,0,0
613,0,1,1,0,0,1,0,0
614,3,16,9,2,2,14,8,0
615,2,2,4,1,4,16,9,0
616,4,6,6,1,6,20,13,0
617,0,0,0,1,0,0,0,0
618,0,0,1,1,0,5,6,0
619,0,1,0,4,0,0,0,0
620,0,0,2,0,1,10,8,2
621,0,0,0,0,0,2,4,0
622,0,0,0,0,0,5,4,4
623,0,0,0,0,0,0,0,1
624,5,4,2,1,0,0,0,0
625,0,0,0,0,0,0,2,0
626,0,0,0,0,1,19,25,0
627,2,1,3,1,1,2,2,0
628,2,0,0,0,0,1,0,0
629,0,0,1,0,0,0,0,0
630,1,0,0,0,3,2,0,1
631,1,0,0,0,0,1,0,0
632,1,0,0,0,0,1,0,0
633,7,2,3,0,7,5,2,5
634,1,0,0,0,0,1,0,0
635,15,5,2,0,0,11,1,0
636,0,0,0,0,0,8,2,0
637,0,0,0,0,1,1,0,0
638,2,0,1,1,6,6,3,0
639,0,1,0,1,0,0,0,0
640,0,0,0,1,0,0,0,0
641,1,0,0,8,0,7,1,0
642,3,12,3,6,0,0,0,0
643,0,0,0,0,0,2,4,0
644,0,0,0,0,0,3,4,0
645,0,0,0,0,0,6,10,0
646,1,0,2,1,0,0,0,0
647,6,2,9,4,0,0,2,0
648,0,0,0,0,1,0,0,0
649,0,0,0,0,1,0,0,0
650,0,0,0,0,1,0,0,0
651,0,0,0,0,0,2,1,0
652,0,0,0,1,0,1,0,0
653,2,2,0,0,0,3,3,0
654,0,0,0,0,0,1,0,0
655,0,0,0,0,0,1,0,0
656,12,2,0,0,1,0,0,0
657,1,1,4,2,0,0,1,0
658,8,4,2,7,0,1,0,0
659,0,0,0,0,3,38,14,3
660,0,0,0,0,0,1,1,0
661,4,3,1,1,2,4,2,0
662,0,0,0,1,0,4,2,0
663,2,0,0,0,1,0,2,0
664,1,0,0,0,0,0,0,0
665,1,0,0,0,0,0,0,0
666,1,0,0,0,0,1,0,0
667,1,0,0,0,4,0,0,0
668,0,1,0,0,0,1,1,1
669,0,0,0,0,0,2,0,0
670,2,3,0,0,6,9,5,2
671,1,3,0,2,4,9,6,2
672,0,1,0,0,3,2,1,5
673,0,0,0,0,0,0,0,1
674,0,0,0,0,0,1,0,1
675,1,3,0,1,0,0,0,0
676,0,2,0,0,0,0,0,0
677,4,5,1,2,0,0,0,0
678,4,7,0,3,0,0,0,0
679,2,5,3,0,1,5,2,0
680,0,1,0,0,0,0,0,0
681,1,1,0,0,0,0,0,0
682,0,1,0,0,0,0,0,0
683,1,3,1,0,3,1,0,2
684,0,0,0,0,0,0,1,0
685,0,1,0,0,0,0,0,0
686,0,1,0,0,0,0,0,0
687,1,0,1,0,0,3,3,0
688,0,0,2,0,0,8,4,0
689,3,8,2,1,3,2,0,0
690,2,0,0,0,0,0,0,0
691,0,0,0,0,1,0,0,0
692,0,0,0,0,0,1,0,0
693,0,0,0,0,0,1,0,0
694,0,0,0,1,3,7,2,0
695,0,0,0,0,1,0,0,1
696,0,0,0,0,1,0,0,2
697,4,5,0,2,0,0,0,0
698,0,0,1,0,4,0,1,7
699,0,0,0,0,0,0,1,0
700,0,2,1,0,0,0,2,0
701,10,1,0,0,0,0,2,0
702,3,1,0,0,1,0,1,0
703,1,3,1,3,0,0,0,0
704,0,0,1,0,0,0,0,0
705,3,1,1,0,0,0,0,0
706,2,1,1,0,0,1,0,0
707,0,0,1,0,0,0,0,0
708,0,0,0,0,0,1,0,0
709,5,1,0,0,1,2,0,0
710,0,0,0,1,0,0,0,0
711,0,0,0,0,0,0,0,1
712,0,1,0,0,0,0,0,0
713,1,0,0,0,0,0,0,0
714,3,15,0,0,0,2,7,0
715,0,0,0,0,0,1,2,0
716,0,0,0,0,0,0,1,0
717,0,0,0,0,0,0,1,0
718,0,0,7,0,7,0,4,0
719,0,2,0,0,0,0,0,0
720,4,4,1,0,6,0,1,1
721,1,2,0,0,0,0,0,0
722,1,2,0,1,0,0,0,0
723,1,9,0,0,0,0,0,0
724,6,6,1,3,2,1,0,1
725,1,3,1,0,0,3,2,0
726,1,4,8,0,8,0,2,0
727,0,1,3,2,0,1,0,0
728,1,5,3,10,0,0,0,1
729,0,0,0,0,1,1,0,0
730,1,2,0,0,0,0,0,0
731,0,1,0,0,0,0,0,0
732,0,1,0,0,0,0,0,0
733,2,0,0,4,0,0,0,0
734,0,0,0,0,1,0,1,0
735,1,1,6,1,0,0,2,0
736,0,1,0,0,0,0,0,0
737,0,2,0,0,0,0,0,0
738,0,1,0,0,0,0,0,0
739,0,1,0,0,0,0,0,0
740,1,0,0,0,0,0,2,2
741,1,0,0,0,0,0,0,0
742,0,0,0,0,0,1,0,0
743,0,0,4,0,1,0,2,1
744,0,0,2,0,0,0,1,0
745,0,0,6,0,10,0,2,3
746,0,0,6,0,3,1,2,0
747,1,4,7,0,5,8,6,0
748,0,0,0,0,0,1,1,0
749,0,0,0,0,0,1,0,0
750,3,0,3,0,0,0,0,0
751,1,0,2,0,0,0,0,0
752,1,0,1,0,0,0,0,0
753,0,0,1,1,0,0,0,0
754,2,0,3,0,0,0,0,0
755,3,5,4,6,0,0,0,0
756,4,4,0,0,0,0,0,0
757,0,2,0,1,0,1,0,0
758,1,0,0,0,0,4,1,0
759,8,1,2,1,11,3,0,11
760,0,0,0,0,1,1,0,0
761,23,0,0,0,4,0,0,8
762,0,0,0,0,2,1,4,10
763,0,0,3,0,0,0,0,0
764,0,0,1,0,10,1,3,2
765,0,0,0,0,1,7,5,0
766,0,0,0,0,2,6,3,0
767,3,0,0,0,0,0,0,0
768,1,0,0,0,0,0,0,0
769,1,1,0,0,0,0,0,0
770,3,0,0,0,0,0,0,0
771,0,0,0,0,0,1,1,0
772,1,1,0,0,0,1,4,0
773,0,0,0,0,1,0,0,0
774,0,0,0,0,4,0,1,0
775,2,1,0,0,0,1,0,0
776,2,3,0,0,0,1,0,0
777,0,2,0,1,0,1,0,0
778,0,2,0,0,0,0,0,0
779,1,4,0,2,1,1,0,0
780,0,1,1,1,0,1,0,0
781,3,0,0,0,1,0,0,0
782,1,0,0,0,1,0,0,0
783,0,0,0,1,0,0,0,0
784,0,0,0,1,0,0,1,0
785,0,0,0,0,0,0,1,0
786,2,3,0,2,1,2,3,0
787,0,0,0,0,0,2,2,0
788,4,2,0,0,2,2,0,13
789,0,2,1,1,0,2,1,0
790,1,0,0,0,0,0,0,0
791,0,1,0,0,0,0,3,0
792,0,0,1,0,0,3,1,0
793,0,0,0,0,0,3,0,0
794,0,0,0,0,3,0,2,1
795,0,0,0,0,0,1,0,0
796,1,0,0,0,0,0,0,0
797,7,0,0,0,0,0,0,0
798,7,0,0,1,0,0,0,0
799,0,0,0,0,0,4,2,0
800,0,0,0,0,1,0,0,0
801,0,0,0,0,1,0,0,0
802,0,0,0,0,1,1,0,0
803,0,0,0,0,3,0,1,0
804,1,1,0,0,0,0,0,0
805,0,0,0,1,0,0,0,0
806,0,0,0,0,1,1,0,0
807,1,0,0,0,0,3,0,0
808,2,2,0,0,0,1,0,0
809,0,0,0,0,0,1,2,0
810,1,0,0,0,0,0,0,0
811,2,0,0,0,0,0,0,0
812,6,5,0,0,14,0,0,0
813,10,6,0,0,3,0,0,1
814,0,0,0,0,0,1,2,0
815,0,0,0,0,1,0,0,0
816,0,0,1,1,0,4,1,0
817,0,0,0,0,0,2,1,0
818,0,0,1,0,0,0,0,0
819,1,0,0,0,0,0,0,0
820,0,0,8,0,2,0,0,0
821,0,0,2,0,1,0,0,0
822,1,0,1,0,0,0,0,0
823,1,0,1,1,0,0,0,0
824,0,0,0,0,0,1,0,0
825,1,0,0,1,0,5,0,0
826,0,0,0,0,0,2,0,0
827,0,0,0,0,0,3,0,0
828,0,2,1,0,0,0,0,0
829,0,0,4,0,7,1,5,0
830,0,0,2,0,4,1,1,0
831,0,1,1,6,1,0,0,0
832,2,0,0,0,0,0,0,0
833,0,1,1,1,0,0,0,0
834,0,0,0,1,0,1,0,0
835,0,0,0,0,0,1,0,0
836,0,1,0,0,0,0,0,0
837,1,0,0,1,0,0,0,0
838,1,0,0,0,0,0,0,0
839,2,0,0,0,0,0,0,0
840,1,0,1,1,10,0,0,1
841,0,0,0,0,1,0,1,0
842,0,0,0,0,0,1,0,0
843,3,7,0,1,0,1,1,0
844,5,8,1,0,0,0,0,0
845,0,1,0,0,0,0,0,0
846,0,2,0,0,0,1,3,0
847,2,2,0,2,1,4,2,0
848,7,2,0,0,1,0,0,0
849,3,9,0,8,0,0,0,0
850,6,5,0,1,0,0,1,1
851,3,0,0,0,0,0,0,0
852,1,0,0,1,0,0,0,0
853,0,0,0,0,0,5,2,0
854,0,0,0,0,0,2,1,0
855,9,1,0,3,1,1,1,0
856,0,0,0,1,0,0,0,0
857,1,0,1,0,11,1,0,4
858,0,2,0,0,0,0,0,0
859,0,3,0,0,0,0,0,0
860,0,2,0,0,0,0,0,0
861,11,15,0,18,0,0,0,0
862,2,4,6,2,1,4,1,0
863,0,1,0,0,0,1,0,1
864,1,0,0,0,0,0,0,0
865,0,0,0,0,0,1,0,0
866,0,0,0,0,0,1,3,0
867,0,0,0,0,0,0,1,0
868,0,1,0,0,0,0,0,0
869,2,0,0,0,0,1,0,0
870,0,0,1,0,0,0,0,8
871,0,0,0,0,5,1,2,4
872,0,0,0,0,0,3,0,0
873,0,0,0,0,0,4,1,0
874,1,0,1,0,0,1,1,0
875,1,0,0,0,0,0,0,0
876,1,0,0,0,0,0,0,0
877,1,0,0,1,0,0,0,0
878,1,2,2,2,0,0,0,0
879,3,0,0,0,0,1,0,0
880,1,0,0,0,0,0,0,0
881,0,0,0,0,0,2,0,0
882,0,0,0,0,1,3,3,1
883,0,0,0,0,3,4,2,4
884,1,0,0,0,0,0,0,0
885,3,0,0,0,0,0,0,0
886,2,2,1,3,1,0,0,0
887,3,2,0,1,0,0,0,0
888,0,0,0,0,1,0,0,0
889,2,0,0,0,0,0,0,1
890,10,4,2,0,5,1,0,3
891,1,0,0,0,0,2,0,0
892,3,0,0,0,0,0,0,0
893,3,0,0,0,0,2,0,0
894,0,0,0,0,4,1,0,4
895,0,0,0,0,0,6,8,0
896,5,1,7,0,6,0,2,0
897,0,0,1,0,0,3,0,0
898,5,1,0,1,4,6,1,0
899,1,0,0,0,0,1,0,0
900,0,0,1,0,0,1,0,0
901,0,0,1,0,0,1,0,0
902,1,1,0,1,1,2,0,0
903,1,0,0,0,4,3,1,9
904,0,0,0,0,2,0,0,0
905,1,2,0,0,1,0,2,0
906,3,3,1,0,4,6,6,0
907,0,0,0,0,1,1,0,0
908,0,0,0,0,1,2,1,0
909,0,1,0,0,1,1,0,0
910,0,0,0,0,1,0,0,0
911,0,0,0,0,3,1,0,0
912,0,0,0,0,1,17,4,5
913,0,1,0,4,0,0,0,0
914,1,1,0,3,0,0,0,0
915,1,1,0,4,0,2,0,0
916,0,2,1,0,0,1,0,0
917,0,0,0,0,0,1,0,0
918,0,7,0,5,1,6,2,0
919,0,0,0,0,0,1,0,0
920,0,0,0,0,0,1,0,0
921,1,7,0,4,0,3,1,0
922,0,3,1,0,0,0,0,0
923,0,1,0,0,0,0,0,0
924,0,4,2,6,0,0,0,0
925,0,0,0,0,0,10,6,0
926,0,1,0,0,3,0,0,1
927,0,1,0,0,0,0,0,0
928,1,1,0,0,2,0,0,0
929,0,0,0,0,0,2,3,0
930,0,0,2,0,0,7,16,0
931,1,0,1,0,0,17,14,0
932,6,2,1,0,0,8,1,0
933,5,5,0,0,0,0,1,0
934,0,0,0,0,0,1,1,0
935,0,0,0,0,0,1,0,0
936,0,0,0,0,0,1,0,0
937,0,0,0,0,0,1,0,0
938,0,1,1,0,3,2,0,0
939,0,1,0,0,0,0,0,0
940,5,0,0,0,1,0,0,0
941,1,1,0,15,0,0,0,0
942,1,1,0,1,0,2,0,0
943,1,0,0,0,0,0,0,0
944,0,0,0,0,0,34,16,0
945,0,0,0,0,0,10,3,0
946,0,0,0,0,0,0,1,0
947,0,0,0,0,0,0,1,0
948,1,0,0,0,0,0,0,0
949,0,1,0,0,0,0,0,0
950,13,6,1,1,0,0,0,0
951,0,0,0,0,0,1,5,0
952,1,0,0,0,0,1,0,0
953,1,2,0,1,0,0,0,0
954,1,0,0,0,0,0,0,0
955,0,0,0,0,0,0,0,2
956,1,0,0,0,7,1,1,8
957,0,0,0,0,6,0,0,3
958,0,0,0,1,1,0,0,0
959,0,0,0,0,2,1,0,0
960,0,0,7,0,9,33,8,0
961,2,4,1,0,35,1,1,12
962,0,0,0,0,5,3,0,1
963,1,2,0,0,1,0,0,0
964,1,0,0,0,0,0,0,0
965,2,1,0,1,0,0,1,0
966,2,0,0,0,0,0,0,0
967,0,1,0,0,0,0,0,0
968,0,1,0,0,0,0,0,0
969,0,1,0,0,0,33,17,0
970,0,0,0,0,0,7,19,3
971,0,0,0,0,0,7,7,0
972,1,0,0,0,0,0,0,0
973,3,9,1,11,1,5,4,0
974,0,0,0,0,0,0,1,0
975,0,0,0,0,0,0,2,0
976,0,0,0,0,0,1,3,0
977,0,0,0,0,0,4,9,0
978,1,2,0,4,0,0,1,0
979,1,0,0,0,0,0,0,0
980,0,0,0,0,0,0,1,0
981,0,0,0,0,0,8,7,0
982,0,0,0,0,0,4,10,0
983,0,0,0,0,0,1,0,0
984,0,0,0,0,1,6,0,0
985,0,0,0,0,0,1,0,0
986,0,0,0,0,0,1,0,0
987,0,0,0,0,1,5,4,3
988,0,1,0,0,0,0,0,0
989,0,0,0,0,2,0,0,0
990,0,0,0,0,3,0,0,1
991,0,0,1,0,8,0,0,0
992,0,2,1,0,0,1,1,1
993,0,0,0,0,1,3,4,0
994,0,0,0,0,0,0,1,0
995,1,0,0,0,0,1,0,0
996,3,1,1,0,0,0,0,0
997,0,0,0,0,0,1,0,0
998,8,7,0,0,3,16,7,1
999,0,0,0,0,1,4,1,0
1000,1,1,1,0,5,7,1,1
1001,0,0,0,0,0,1,0,1
1002,0,0,0,0,6,9,7,8
1003,0,0,1,0,17,13,1,9
1004,0,0,0,0,0,0,1,0
1005,0,0,0,0,0,0,1,0
1006,0,0,0,0,0,5,2,0
1007,0,0,0,0,0,3,2,0
1008,0,0,0,0,0,0,1,0
1009,1,0,0,0,1,0,0,2
1010,0,0,0,0,0,1,0,0
1011,0,0,0,0,0,1,0,0
1012,12,6,0,0,5,6,2,0
1013,0,1,0,0,0,0,0,0
1014,1,2,0,0,1,0,0,0
1015,0,1,0,0,0,1,0,0
1016,0,1,0,0,0,1,1,0
1017,0,0,0,1,0,0,0,0
1018,0,1,1,2,0,0,0,0
1019,0,0,0,0,4,0,0,3
1020,0,0,0,0,1,0,0,1
1021,1,0,0,0,0,0,0,0
1022,1,0,0,0,0,0,0,0
1023,3,5,0,9,0,0,0,0
1024,0,0,0,0,2,0,0,0
1025,0,1,0,1,0,2,0,0
1026,0,0,0,1,0,0,0,0
1027,0,0,0,1,0,0,0,0
1028,0,0,0,0,1,0,0,0
1029,0,0,3,0,0,5,6,6
1030,0,0,0,0,0,1,0,0
1031,0,0,1,0,0,1,0,0
1032,0,0,0,0,0,0,1,0
1033,1,0,0,0,0,1,0,0
1034,5,2,2,2,4,7,4,0
1035,0,0,0,0,0,0,1,0
1036,0,0,0,0,0,6,0,0
1037,0,1,0,0,0,0,0,0
1038,0,0,1,0,0,0,1,1
1039,0,0,1,0,5,20,9,0
1040,0,0,0,0,0,1,0,1
1041,0,0,0,0,0,7,2,1
1042,0,0,0,0,0,9,10,1
1043,1,0,0,0,1,0,0,2
1044,0,0,0,0,0,3,8,0
1045,0,1,0,0,2,19,19,9
1046,3,0,0,1,3,0,0,0
1047,1,0,0,0,0,0,0,0
1048,1,0,0,0,0,0,0,0
1049,2,0,0,0,0,0,0,0
1050,0,0,0,0,0,4,1,0
1051,4,0,0,0,0,0,0,0
1052,0,0,0,0,0,18,5,0
1053,0,2,0,1,0,1,0,0
1054,8,7,0,4,0,0,0,0
1055,0,4,0,0,0,0,0,0
1056,0,1,0,0,0,0,0,0
1057,1,0,0,0,0,0,0,0
1058,1,0,0,0,0,0,0,0
1059,1,2,0,2,0,0,0,0
1060,1,0,0,1,0,0,0,0
1061,1,0,0,0,0,0,0,0
1062,2,1,0,0,0,2,0,0
1063,1,1,0,0,0,0,0,1
1064,1,0,0,2,0,0,2,0
1065,3,1,0,0,0,0,0,0
1066,0,0,0,0,0,7,8,6
1067,1,1,0,0,4,0,0,0
1068,0,0,0,0,4,3,0,3
1069,0,0,0,0,0,1,0,0
1070,0,0,0,0,0,1,0,0
1071,0,0,0,0,0,1,0,0
1072,0,1,1,0,3,0,1,0
1073,0,0,0,0,1,0,0,0
1074,1,2,0,0,0,1,1,0
1075,0,0,0,0,0,1,1,0
1076,0,0,0,0,0,0,1,0
1077,0,0,0,0,0,0,1,0
1078,0,0,0,0,0,2,7,0
1079,2,1,1,0,0,1,0,0
1080,0,0,0,0,0,1,0,0
1081,0,0,0,0,0,1,0,0
1082,0,0,0,0,0,1,0,0
1083,0,0,0,0,0,1,0,0
1084,0,0,0,0,0,2,1,0
1085,0,0,0,0,0,0,1,0
1086,0,1,0,1,0,1,1,0
1087,0,1,0,0,0,0,0,0
1088,0,0,0,0,2,4,1,3
1089,0,0,0,3,0,0,0,0
1090,1,0,1,0,8,0,1,5
1091,0,0,1,0,0,0,0,1
1092,0,0,0,0,2,0,0,1
1093,1,0,0,2,0,0,0,0
1094,1,2,8,0,0,0,0,0
1095,1,0,5,0,5,0,0,1
1096,2,0,0,0,4,2,0,2
1097,0,2,0,1,0,0,0,0
1098,0,1,0,1,0,0,0,0
1099,1,0,0,0,0,3,3,0
1100,0,0,0,0,0,1,2,0
1101,0,0,0,0,0,1,3,0
1102,0,0,0,1,4,0,0,0
1103,0,1,0,0,2,0,0,0
1104,0,1,0,3,0,1,0,0
1105,0,0,0,1,0,0,0,0
1106,0,0,0,0,0,1,0,0
1107,0,0,2,0,0,0,0,0
1108,0,4,1,3,0,0,0,0
1109,9,1,0,1,0,0,0,0
1110,9,2,1,0,2,0,1,0
1111,0,0,5,0,11,11,3,1
1112,0,0,0,1,0,0,0,0
1113,4,3,1,0,8,2,3,0
1114,4,2,0,0,0,2,0,1
1115,0,0,1,0,1,1,0,0
1116,0,0,0,1,0,0,0,0
1117,0,0,0,0,0,3,0,0
1118,0,0,0,0,0,0,1,0
1119,0,0,0,1,0,2,1,0
1120,0,0,0,0,0,1,1,0
1121,0,2,0,0,0,0,0,0
1122,10,6,6,0,0,3,1,0
1123,0,4,0,3,0,3,1,0
1124,0,1,0,0,0,4,0,0
1125,0,0,0,0,0,0,1,0
1126,7,8,1,2,0,0,0,0
1127,0,0,1,0,0,0,0,0
1128,0,0,1,0,0,0,0,0
1129,0,0,1,0,0,0,0,0
1130,0,0,1,0,0,0,0,0
1131,0,0,1,0,2,0,1,0
1132,0,0,0,1,0,0,1,0
1133,1,0,0,0,0,0,0,0
1134,0,0,1,0,0,0,0,0
1135,0,1,1,0,0,0,0,0
1136,0,0,0,1,0,0,0,1
1137,1,0,0,0,0,0,0,0
1138,1,1,0,1,0,9,0,0
1139,0,0,0,0,0,1,0,0
1140,0,0,0,0,0,6,1,0
1141,0,0,0,0,0,1,0,0
1142,0,0,0,0,0,0,5,4
1143,1,0,0,0,0,2,1,0
1144,3,1,2,0,2,2,4,0
1145,0,0,0,1,0,2,0,0
1146,0,0,0,0,3,0,0,0
1147,0,0,0,0,0,1,0,0
1148,1,0,0,0,0,0,0,0
1149,0,0,0,0,2,0,0,0
1150,0,0,0,0,1,0,0,0
1151,2,3,3,1,0,0,0,0
1152,3,0,0,0,0,0,1,0
1153,3,2,0,0,0,2,0,0
1154,1,1,1,0,0,0,0,0
1155,2,1,0,0,0,1,0,0
1156,0,0,0,0,0,5,1,0
1157,0,0,0,0,0,6,5,0
1158,3,0,0,0,0,0,0,0
1159,0,0,0,0,0,1,1,0
1160,3,2,0,1,0,0,0,0
1161,0,1,2,1,0,0,0,0
1162,4,3,3,0,1,3,1,1
1163,1,0,0,0,0,1,0,0
1164,1,2,0,0,0,0,0,0
1165,2,1,0,0,0,1,0,0
1166,1,1,0,0,0,0,0,0
1167,1,2,0,0,0,1,0,0
1168,0,0,1,0,0,0,0,0
1169,0,2,1,0,0,0,0,0
1170,1,3,1,1,0,3,1,0
1171,3,1,1,1,0,0,3,0
1172,0,0,1,0,0,0,0,0
1173,0,1,1,0,0,0,0,0
1174,1,0,1,1,28,2,1,12
1175,0,0,1,0,0,0,0,0
1176,0,0,1,0,0,0,0,0
1177,0,0,3,0,0,9,9,0
1178,0,0,0,1,0,0,0,0
1179,2,8,2,6,0,0,0,0
1180,3,0,2,0,0,2,1,1
1181,1,0,1,0,1,0,0,0
1182,4,0,2,0,0,0,0,0
1183,0,0,0,0,3,6,10,2
1184,0,0,0,1,0,0,0,0
1185,0,0,0,0,0,18,7,0
1186,0,0,2,0,0,0,0,0
1187,0,0,1,1,2,0,0,0
1188,0,0,3,0,2,1,0,0
1189,0,0,4,0,1,0,0,0
1190,3,0,0,0,0,0,0,0
1191,4,1,0,0,11,0,0,6
1192,0,0,0,0,1,0,0,0
1193,0,0,0,0,0,1,0,0
1194,0,2,1,0,0,0,0,0
1195,1,0,0,1,0,1,0,0
1196,0,0,0,0,0,1,0,0
1197,1,0,0,0,0,0,0,0
1198,1,0,0,0,0,0,0,0
1199,1,0,0,0,0,0,0,0
1200,0,0,0,0,0,0,1,0
1201,1,0,0,0,0,0,0,0
1202,1,0,0,0,0,0,0,0
1203,0,0,0,0,1,0,0,0
1204,0,0,0,0,1,0,0,0
1205,0,0,0,0,3,3,1,2
1206,0,0,2,0,2,1,1,3
1207,0,0,0,0,0,7,4,1
1208,1,0,0,0,0,0,0,0
1209,6,1,0,1,0,0,0,0
1210,0,0,1,0,5,7,4,0
1211,6,3,2,0,0,0,0,0
1212,8,3,3,1,0,0,0,0
1213,0,0,2,0,0,0,0,0
1214,0,0,0,0,0,2,0,0
1215,2,0,0,0,0,1,2,0
1216,1,1,1,0,0,0,0,0
1217,0,0,0,0,1,0,1,0
1218,0,2,0,1,1,1,1,0
1219,1,4,0,0,1,1,1,0
1220,0,1,0,0,0,0,3,0
1221,1,0,1,0,1,0,1,0
1222,1,1,0,2,0,1,0,0
1223,0,0,0,0,0,0,1,0
1224,2,7,8,21,3,0,1,0
1225,0,0,0,0,0,1,0,0
1226,0,0,0,0,0,3,4,0
1227,0,0,2,0,1,0,0,0
1228,0,0,0,0,0,6,3,0
1229,0,0,9,1,7,0,2,0
1230,0,2,0,0,0,0,0,0
1231,2,0,0,0,0,1,2,0
1232,0,0,0,0,0,1,0,0
1233,1,0,0,0,0,0,0,0
1234,2,3,0,1,0,0,0,0
1235,1,1,0,0,0,0,0,0
1236,1,0,0,0,0,0,0,0
1237,1,2,0,1,0,0,0,0
1238,1,0,0,0,0,1,0,1
1239,0,0,0,0,0,1,0,0
1240,0,0,0,0,0,1,0,0
1241,0,0,0,0,0,1,0,0
1242,0,0,1,0,0,0,0,0
1243,0,0,0,0,1,0,0,0
1244,0,0,1,0,0,0,0,0
1245,0,0,1,0,0,0,0,0
1246,0,0,1,0,0,0,0,0
1247,0,0,1,0,0,0,0,0
1248,0,0,7,0,0,0,1,0
1249,0,0,1,0,0,0,0,0
1250,0,0,1,0,0,0,0,0
1251,0,0,1,0,0,3,0,1
1252,0,0,1,0,0,0,0,0
1253,0,0,0,0,1,0,0,2
1254,0,0,1,0,4,0,0,0
1255,0,0,0,0,0,4,0,0
1256,2,0,0,0,1,0,0,0
1257,1,0,0,0,2,2,1,1
1258,0,0,0,1,0,0,0,0
1259,0,0,0,2,0,0,0,0
1260,0,0,0,1,0,0,0,0
1261,0,2,0,0,0,0,0,0
1262,0,1,0,0,0,0,0,0
1263,1,0,0,0,0,0,0,0
1264,9,2,0,0,0,1,0,0
1265,2,1,0,0,0,0,0,0
1266,4,5,0,0,4,3,0,1
1267,0,0,0,0,14,0,0,2
1268,0,1,0,0,1,1,0,0
1269,0,0,3,0,3,0,0,0
1270,0,0,0,0,0,1,0,0
1271,0,0,0,0,0,1,0,0
1272,3,0,0,0,7,1,0,1
1273,2,1,1,1,0,0,1,0
1274,0,2,1,1,0,1,0,0
1275,0,1,0,0,0,0,0,0
1276,0,2,0,1,0,0,0,0
1277,1,0,0,0,1,0,0,0
1278,1,1,0,0,0,0,0,0
1279,1,1,0,0,0,0,0,0
1280,1,2,0,0,0,0,0,0
1281,1,0,0,0,0,0,0,0
1282,1,0,0,0,0,0,0,0
1283,1,0,0,0,0,0,0,0
1284,1,0,0,0,0,0,0,0
1285,0,1,0,0,0,1,1,0
1286,3,2,0,0,0,0,0,0
1287,2,0,0,0,0,0,0,0
1288,0,0,0,0,0,1,1,0
1289,0,0,0,0,0,0,1,0
1290,0,0,0,0,0,0,1,0
1291,0,0,0,0,0,0,1,0
1292,14,9,3,4,0,7,3,0
1293,0,0,1,0,0,0,0,0
1294,0,0,0,0,1,0,0,0
1295,0,0,0,0,0,3,0,0
1296,0,0,0,0,1,1,0,0
1297,0,0,0,0,0,1,0,0
1298,0,0,0,0,0,1,0,0
1299,3,2,1,0,0,0,0,0
1300,1,2,0,0,1,0,0,0
1301,0,1,0,0,0,0,0,0
1302,1,0,0,0,0,0,0,0
1303,5,0,0,0,0,0,0,0
1304,0,1,0,2,0,0,0,0
1305,0,0,0,1,0,0,0,0
1306,0,0,0,1,0,0,0,0
1307,0,0,0,0,0,1,0,0
1308,0,0,0,0,1,0,0,0
1309,0,0,0,0,0,2,0,0
1310,2,0,0,0,0,0,0,0
1311,1,0,0,0,0,0,0,0
1312,2,4,5,1,0,0,0,0
1313,1,2,0,2,0,0,0,0
1314,1,0,1,0,0,0,1,0
1315,0,0,0,0,0,1,0,0
1316,0,0,0,0,0,2,0,0
1317,0,0,0,0,0,3,2,0
1318,0,1,0,1,0,0,0,0
1319,0,0,0,4,0,0,0,0
1320,0,0,0,3,0,0,0,0
1321,2,0,2,4,0,0,1,0
1322,0,0,4,0,17,6,1,0
1323,1,0,0,0,0,0,0,0
1324,0,0,0,0,1,0,1,0
1325,0,0,0,0,0,0,1,0
1326,1,0,0,0,0,0,1,0
1327,0,0,0,0,0,5,1,0
1328,0,0,0,0,0,0,2,0
1329,0,1,0,1,0,0,1,0
1330,1,0,0,0,0,0,0,0
1331,0,0,0,0,0,0,6,0
1332,0,0,1,0,0,2,7,0
1333,0,0,0,0,0,3,5,0
1334,0,0,0,0,0,1,3,0
1335,0,0,0,0,0,0,1,0
1336,0,0,0,1,0,0,2,0
1337,0,1,0,0,0,11,1,0
1338,0,0,0,0,0,1,0,0
1339,0,0,0,0,0,1,0,0
1340,0,4,0,0,2,3,3,0
1341,0,2,1,0,0,11,5,0
1342,1,0,1,0,4,0,1,0
1343,1,0,0,0,1,0,0,0
1344,4,7,2,7,4,4,1,1
1345,0,0,0,0,4,0,1,1
1346,0,0,0,0,1,0,0,1
1347,2,0,0,3,0,1,1,0
1348,1,0,5,0,2,0,1,0
1349,0,0,0,0,0,1,0,0
1350,0,0,0,1,0,2,0,0
1351,0,0,0,0,2,0,0,0
1352,0,0,0,0,7,2,1,2
1353,0,2,0,0,0,0,1,0
1354,0,0,0,0,0,1,0,0
1355,0,0,0,0,0,2,6,0
1356,0,0,0,0,0,1,2,0
1357,0,0,0,0,0,0,1,0
1358,0,0,0,0,0,0,1,0
1359,2,1,0,1,0,3,0,0
1360,0,0,0,0,0,2,0,0
1361,0,0,0,0,0,1,0,0
1362,1,0,0,0,0,3,4,0
1363,0,1,0,0,0,0,2,0
1364,0,0,0,0,0,0,2,0
1365,1,2,3,3,0,1,1,0
1366,0,0,0,0,0,0,1,0
1367,0,0,0,0,0,0,2,1
1368,0,0,0,0,0,1,1,0
1369,0,0,0,1,0,0,2,0
1370,1,0,4,0,2,4,2,2
1371,0,0,0,0,4,2,0,0
1372,0,0,0,0,1,3,0,5
1373,2,1,0,0,0,2,0,0
1374,0,0,0,0,0,3,3,0
1375,0,0,0,0,0,1,2,0
1376,0,1,0,2,0,0,0,0
1377,0,0,0,0,0,1,3,0
1378,0,0,0,0,0,2,4,0
1379,0,0,0,0,0,1,0,2
1380,1,1,0,0,2,2,1,0
1381,0,1,0,0,3,0,0,0
1382,0,1,0,0,3,0,1,0
1383,0,1,1,1,0,1,1,1
1384,0,2,0,0,1,1,1,0
1385,0,0,0,0,1,0,0,0
1386,0,0,0,0,3,5,5,1
1387,6,0,0,0,2,0,0,0
1388,0,0,0,0,0,0,1,0
1389,1,0,0,0,0,0,0,0
1390,1,2,2,5,1,1,0,0
1391,0,1,0,0,0,0,0,0
1392,2,1,0,0,0,0,0,0
1393,0,0,1,0,0,0,0,0
1394,0,0,1,0,1,0,0,0
1395,1,0,0,2,0,0,0,0
1396,0,0,0,0,0,2,2,2
1397,2,0,1,0,30,7,3,2
1398,0,0,0,0,14,0,0,0
1399,3,1,0,1,0,2,0,0
1400,1,0,0,0,0,0,0,0
1401,0,0,0,1,0,0,1,0
1402,0,0,1,0,0,14,7,5
1403,0,0,0,0,1,0,0,1
1404,0,0,0,0,1,0,0,0
1405,1,1,2,0,2,0,0,0
1406,0,2,0,2,0,2,3,0
1407,0,0,0,0,0,0,0,1
1408,0,0,0,0,0,3,0,1
1409,0,0,0,0,0,0,0,1
1410,1,0,1,0,4,7,14,18
1411,3,0,0,0,0,0,0,0
1412,0,0,0,0,0,1,1,0
1413,0,0,0,1,1,0,0,0
1414,0,0,0,2,0,0,1,0
1415,0,0,0,0,0,14,10,1
1416,0,0,0,0,0,3,0,0
1417,1,1,7,0,2,2,1,0
1418,0,0,12,0,0,0,2,0
1419,0,0,3,0,0,1,4,0
1420,0,0,0,1,0,0,0,0
1421,5,0,0,0,0,0,0,0
1422,0,0,0,0,1,0,0,0
1423,6,3,1,0,15,1,1,6
1424,0,0,0,0,0,1,0,0
1425,0,0,0,0,0,3,3,0
1426,0,0,4,1,10,5,5,5
1427,0,0,0,0,0,1,1,0
1428,0,0,0,0,0,1,1,0
1429,0,0,0,0,0,1,1,0
1430,0,0,0,0,4,0,0,0
1431,0,0,0,0,0,1,1,0
1432,1,0,0,0,0,0,0,0
1433,1,0,0,0,0,1,0,0
1434,1,0,0,0,0,0,1,0
1435,1,0,0,0,0,0,0,0
1436,0,1,0,0,2,0,0,0
1437,0,1,0,0,0,12,6,0
1438,0,0,1,0,1,2,1,1
1439,0,0,0,0,2,1,1,0
1440,1,0,0,0,0,0,0,0
1441,1,0,0,2,0,2,0,0
1442,1,1,0,0,3,3,0,0
1443,1,4,1,1,0,0,1,2
1444,0,0,0,0,0,0,1,1
1445,0,0,0,0,0,2,0,0
1446,0,1,0,0,0,4,0,0
1447,0,0,1,0,0,0,0,0
1448,0,0,0,1,0,0,0,0
1449,1,0,0,0,0,0,0,0
1450,1,0,0,0,0,0,0,0
1451,0,0,0,0,0,0,2,0
1452,0,0,0,0,0,0,6,0
1453,5,4,8,0,1,0,0,0
1454,11,6,14,0,0,0,0,1
1455,0,0,2,0,0,0,0,0
1456,0,0,1,0,0,0,0,0
1457,1,1,0,0,0,0,0,0
1458,1,0,0,0,0,0,0,0
1459,1,0,0,0,0,0,0,0
1460,1,0,0,0,0,0,0,0
1461,0,0,0,0,0,0,2,0
1462,0,0,0,0,0,0,2,0
1463,0,0,0,0,0,0,2,0
1464,1,0,0,0,0,0,0,0
1465,0,0,0,0,2,1,0,0
1466,2,2,1,0,2,0,1,0
1467,0,0,0,0,0,0,0,2
1468,0,0,0,0,0,2,1,4
1469,0,1,0,1,0,4,1,0
1470,1,0,0,0,0,0,0,0
1471,1,0,0,0,0,1,0,0
1472,0,0,0,0,1,0,0,0
1473,0,0,0,0,0,1,4,0
1474,0,0,0,0,0,5,12,0
1475,1,0,0,0,2,0,0,0
1476,0,1,0,0,0,0,0,0
1477,0,0,0,2,0,1,0,0
1478,0,2,0,2,0,2,0,0
1479,2,1,0,1,0,1,1,0
1480,3,0,0,0,2,0,0,0
1481,2,0,0,0,0,0,0,0
1482,0,0,0,0,1,2,0,0
1483,2,0,0,0,1,3,0,0
1484,0,1,0,1,0,0,0,0
1485,3,2,1,1,0,0,0,0
1486,0,2,0,0,0,0,0,0
1487,0,4,0,1,0,0,0,0
1488,0,0,0,0,6,0,1,0
1489,0,0,0,0,0,0,5,0
1490,0,0,0,0,3,0,0,0
1491,2,0,0,0,1,21,12,3
1492,0,0,0,0,1,0,1,0
1493,0,0,0,0,0,0,1,0
1494,0,0,0,0,0,0,1,0
1495,15,9,0,1,0,0,2,0
1496,0,1,0,1,1,1,0,0
1497,2,0,0,0,0,1,1,0
1498,1,3,0,0,0,2,2,0
1499,0,0,0,0,0,1,0,0
1500,0,0,0,0,0,1,0,0
1501,0,0,0,0,0,1,0,0
1502,1,3,0,1,0,3,6,0
1503,0,1,2,0,1,2,0,1
1504,3,0,0,0,0,0,0,0
1505,1,0,0,0,0,0,0,0
1506,0,0,0,0,1,0,0,0
1507,0,2,2,1,1,0,1,1
1508,0,0,0,0,1,0,0,0
1509,7,10,6,3,0,1,0,0
1510,0,1,1,0,1,0,0,0
1511,2,2,1,1,1,0,2,0
1512,0,0,0,0,7,0,0,9
1513,0,0,0,0,1,0,0,4
1514,0,0,0,0,0,0,0,1
1515,0,0,0,0,0,0,0,1
1516,0,0,0,0,0,1,0,0
1517,1,0,0,0,0,0,0,0
1518,0,0,0,0,0,0,1,8
1519,1,1,0,0,0,0,0,0
1520,0,0,0,0,0,1,0,0
1521,0,0,0,0,0,0,3,0
1522,0,0,0,0,0,2,1,0
1523,0,0,0,0,0,0,1,0
1524,3,0,0,0,0,0,0,0
1525,1,0,0,0,0,0,0,0
1526,1,0,0,0,1,1,1,0
1527,1,0,0,0,0,0,0,0
1528,8,0,0,0,0,0,0,0
1529,1,0,0,0,0,0,0,0
1530,0,0,1,0,0,1,1,0
1531,0,0,0,0,0,0,1,0
1532,4,1,3,0,10,10,2,6
1533,2,1,1,0,0,0,0,0
1534,0,0,0,0,0,1,0,0
1535,0,2,0,0,0,8,1,1
1536,0,1,1,0,0,0,1,0
1537,0,0,0,0,0,1,0,0
1538,0,0,0,0,1,2,0,0
1539,0,0,0,0,0,1,1,0
1540,2,0,0,0,0,0,0,0
1541,1,1,1,0,0,0,0,0
1542,1,0,0,0,1,9,4,0
1543,3,0,0,0,0,0,0,0
1544,1,0,0,0,0,0,0,0
1545,0,0,0,0,0,1,0,0
1546,0,0,0,0,0,1,0,0
1547,0,0,0,0,0,1,1,0
1548,0,1,0,0,0,1,0,0
1549,0,0,0,0,0,0,0,1
1550,0,0,0,0,0,1,3,0
1551,8,21,2,7,1,7,7,0
1552,0,1,0,1,0,1,0,0
1553,0,0,0,0,0,0,1,0
1554,0,0,0,0,1,1,3,1
1555,0,0,0,0,0,0,1,0
1556,0,0,0,0,0,0,1,0
1557,15,8,1,0,0,1,1,0
1558,0,0,0,0,2,0,0,1
1559,1,0,0,0,0,0,0,0
1560,1,0,1,0,0,0,0,0
1561,1,0,0,0,0,0,0,0
1562,1,5,1,0,0,0,0,0
1563,1,2,0,0,0,0,0,0
1564,0,2,0,0,0,0,0,0
1565,1,3,3,0,1,0,0,0
1566,1,1,0,4,0,0,0,0
1567,0,0,0,2,0,0,0,0
1568,1,0,0,0,0,0,0,0
1569,2,0,0,0,0,0,0,0
1570,1,1,0,0,0,0,0,0
1571,1,0,0,0,0,0,0,0
1572,3,1,4,2,0,1,0,0
1573,2,0,0,0,0,0,0,0
1574,0,0,0,0,0,0,1,0
1575,0,0,2,0,3,10,2,3
1576,0,0,0,0,2,0,0,1
1577,0,0,0,0,1,0,0,0
1578,0,0,0,0,1,0,0,0
1579,0,0,0,0,0,1,0,0
1580,0,0,0,0,0,7,2,0
1581,0,0,0,0,0,9,7,0
1582,0,0,0,0,4,0,0,1
1583,0,0,0,0,0,2,0,0
1584,0,0,0,0,0,2,3,0
1585,1,0,0,0,0,1,1,0
1586,0,0,0,0,0,0,1,0
1587,0,0,0,0,0,0,1,0
1588,0,0,0,0,0,0,1,0
1589,0,1,1,2,5,0,3,0
1590,0,0,0,0,0,0,1,0
1591,0,0,0,0,0,0,1,0
1592,0,1,0,2,0,0,1,0
1593,1,0,0,1,0,0,0,0
1594,1,0,0,0,0,0,0,1
1595,3,0,0,0,0,0,0,0
1596,0,0,2,0,0,3,4,0
1597,0,0,0,0,0,1,1,0
1598,0,0,1,0,0,0,0,0
1599,0,0,0,0,0,2,4,0
1600,0,0,0,0,1,5,6,0
1601,0,0,0,0,0,6,6,0
1602,0,0,0,0,0,2,3,0
1603,0,0,0,0,7,0,0,0
1604,0,0,1,0,0,0,0,0
1605,0,0,1,0,0,0,0,0
1606,0,0,2,0,0,0,0,1
1607,0,0,3,0,0,0,0,0
1608,0,0,0,2,0,0,0,0
1609,0,0,0,2,0,0,0,0
1610,0,0,0,1,0,0,0,0
1611,3,1,0,0,1,0,3,0
1612,12,9,4,5,1,7,5,0
1613,2,1,1,0,1,4,4,0
1614,5,7,6,4,0,0,0,0
1615,3,0,2,0,0,0,0,0
1616,0,0,0,0,0,1,0,0
1617,0,0,1,0,0,0,0,0
1618,0,1,0,0,0,0,0,0
1619,0,0,0,0,1,1,4,2
1620,0,0,0,0,0,2,0,0
1621,0,0,0,0,0,3,1,0
1622,0,1,0,1,1,1,0,0
1623,2,0,1,1,2,3,0,0
1624,2,0,0,0,0,0,0,0
1625,1,0,0,0,0,0,0,0
1626,1,0,0,0,0,0,0,0
1627,1,0,0,0,0,0,0,0
1628,0,0,1,0,0,1,0,0
1629,0,0,0,0,0,1,0,0
1630,0,0,0,0,0,1,1,0
1631,0,0,0,0,0,0,1,0
1632,0,0,1,0,7,0,0,1
1633,0,0,0,0,3,0,0,0
1634,5,1,2,0,0,0,0,0
1635,0,0,0,0,0,1,1,0
1636,0,0,0,0,0,12,5,1
1637,0,0,0,0,0,1,1,0
1638,6,5,0,0,1,1,1,0
1639,0,0,0,0,12,0,1,2
1640,0,0,2,0,0,1,0,1
1641,0,0,0,0,0,1,0,0
1642,0,0,0,0,0,1,0,0
1643,0,0,0,0,0,1,0,0
1644,0,0,1,0,0,3,4,1
1645,1,0,0,0,0,0,0,0
1646,3,2,0,0,0,0,0,0
1647,1,1,0,0,0,0,0,0
1648,1,0,0,0,0,0,0,0
1649,3,0,1,0,2,0,1,0
1650,1,0,0,0,0,0,1,0
1651,0,0,0,0,0,1,3,0
1652,0,0,0,0,0,0,1,0
1653,0,0,0,0,0,0,1,0
1654,0,0,0,0,0,0,3,0
1655,0,0,0,0,0,3,1,0
1656,0,0,0,0,0,1,0,0
1657,0,0,0,0,1,2,5,2
1658,0,0,0,0,1,1,3,0
1659,0,0,0,0,0,0,1,0
1660,0,1,0,0,0,2,0,0
1661,0,1,0,0,0,1,0,0
1662,1,2,0,0,1,0,0,0
1663,0,1,0,0,0,0,0,0
1664,2,0,0,0,0,0,0,0
1665,0,1,0,0,0,0,0,0
1666,0,0,0,0,0,1,2,0
1667,0,0,0,0,0,1,1,0
1668,0,0,0,0,0,1,0,0
1669,0,0,0,0,0,2,0,0
1670,0,0,0,0,0,0,1,0
1671,0,0,0,0,0,0,1,0
1672,0,0,0,0,0,0,1,0
1673,0,0,0,0,0,6,3,0
1674,4,11,0,2,0,1,3,0
1675,2,1,0,0,0,0,0,0
1676,1,2,0,0,0,0,0,0
1677,1,1,0,0,0,0,0,0
1678,5,1,0,0,1,0,0,0
1679,6,1,0,0,2,1,1,0
1680,4,3,0,0,4,0,0,1
1681,0,0,0,1,0,0,0,0
1682,0,0,0,1,0,0,1,0
1683,0,0,0,0,0,1,0,0
1684,0,0,0,0,0,1,1,0
1685,0,0,0,0,0,2,0,0
1686,0,0,0,0,0,6,6,1
1687,1,2,2,0,10,8,2,2
1688,0,3,0,0,2,0,0,0
1689,0,0,0,0,0,22,12,0
1690,0,0,0,0,0,1,0,1
1691,0,0,0,1,0,0,0,0
1692,1,0,0,2,0,0,0,0
1693,0,0,0,0,0,4,0,0
1694,0,0,0,0,0,2,0,0
1695,0,0,1,0,0,0,0,0
1696,0,0,3,0,0,0,0,0
1697,0,1,11,0,10,1,0,0
1698,1,0,0,0,0,0,0,0
1699,0,0,0,0,1,0,2,2
1700,0,0,1,0,0,4,2,0
1701,0,0,0,0,1,0,3,1
1702,2,0,0,0,0,0,0,0
1703,0,0,1,0,1,0,2,1
1704,0,3,0,1,0,0,0,0
1705,2,0,0,0,0,0,0,0
1706,0,0,0,0,0,0,1,0
1707,0,0,0,0,0,0,2,0
1708,0,1,0,1,0,7,1,0
1709,6,1,1,1,0,0,0,0
1710,2,0,1,1,0,0,0,0
1711,1,0,0,0,0,0,0,0
1712,0,0,0,0,0,1,0,2
1713,0,0,0,0,0,2,1,1
1714,0,1,0,0,0,0,0,0
1715,0,1,0,0,0,0,0,0
1716,2,1,0,0,0,0,0,0
1717,1,0,0,0,0,0,0,0
1718,0,0,0,0,0,3,0,3
1719,0,0,0,0,0,6,3,0
1720,0,0,0,0,0,0,1,0
1721,0,0,0,0,15,0,0,0
1722,0,0,0,0,0,1,0,0
1723,0,0,0,2,0,0,0,0
1724,0,0,0,1,0,4,0,0
1725,3,2,3,1,2,1,0,0
1726,0,0,1,0,1,2,0,0
1727,5,0,0,0,1,1,0,0
1728,2,1,0,0,1,0,0,0
1729,3,0,0,0,4,0,1,0
1730,0,1,0,0,0,0,0,0
1731,1,0,0,0,0,1,0,0
1732,0,0,0,0,0,2,0,0
1733,0,0,1,0,4,0,0,0
1734,1,0,0,2,0,0,0,0
1735,2,0,1,0,0,0,0,0
1736,3,1,4,0,2,0,0,1
1737,0,0,0,0,0,2,0,0
1738,1,0,0,0,0,0,1,0
1739,0,0,0,0,0,2,0,0
1740,1,1,3,0,2,9,4,0
1741,1,1,0,0,0,1,0,1
1742,0,1,0,0,0,0,0,0
1743,0,0,1,0,0,0,0,0
1744,0,0,1,0,0,0,0,0
1745,0,0,8,2,2,1,1,0
1746,7,1,1,1,6,0,2,0
1747,1,0,0,0,0,1,1,0
1748,0,0,0,0,0,8,8,0
1749,0,0,1,0,0,0,0,0
1750,0,0,0,0,0,3,4,0
1751,0,2,0,1,1,0,0,0
1752,0,0,0,0,0,0,0,1
1753,0,0,0,0,0,0,2,0
1754,0,0,0,0,0,0,0,1
1755,0,0,2,0,1,2,1,4
1756,1,0,2,0,1,0,1,1
1757,0,1,2,0,0,0,0,0
1758,1,0,0,0,0,0,0,0
1759,2,1,0,0,0,0,0,0
1760,2,0,0,0,0,0,0,0
1761,1,1,0,0,0,0,0,0
1762,0,0,0,0,0,1,0,0
1763,0,0,0,0,0,1,0,0
1764,0,0,0,0,2,1,0,0
1765,2,3,3,4,0,2,4,0
1766,1,3,1,1,0,0,1,0
1767,0,0,1,0,0,0,0,0
1768,0,2,0,0,0,0,0,0
1769,0,1,0,1,0,2,0,0
1770,0,1,0,2,0,1,0,0
1771,12,0,1,0,23,4,4,9
1772,0,0,0,0,0,1,0,0
1773,0,0,0,0,0,0,1,0
1774,4,0,2,0,0,0,0,0
1775,1,0,0,0,0,0,0,0
1776,3,3,0,0,0,0,0,0
1777,1,1,0,0,0,0,0,0
1778,1,0,0,0,0,0,0,0
1779,1,0,0,0,0,0,0,0
1780,1,0,0,1,0,9,2,0
1781,1,0,0,1,0,6,2,0
1782,1,0,0,3,0,4,0,0
1783,0,0,0,0,0,1,0,0
1784,1,0,0,0,5,7,2,0
1785,0,0,0,0,0,1,0,0
1786,1,0,0,0,0,0,0,0
1787,1,0,0,0,0,0,0,0
1788,0,0,1,0,1,3,0,1
1789,0,0,0,0,1,0,1,0
1790,0,0,0,0,1,11,7,0
1791,0,0,0,0,0,0,1,0
1792,0,0,0,0,0,4,7,6
1793,0,0,0,0,0,1,0,0
1794,0,0,0,0,0,1,1,0
1795,0,0,0,0,0,2,0,0
1796,0,0,0,0,0,1,0,0
1797,0,0,0,0,0,3,5,0
1798,0,2,1,1,3,1,0,0
1799,0,0,1,0,0,0,0,0
1800,0,0,0,0,0,1,0,0
1801,0,2,2,1,0,0,0,0
1802,0,1,0,0,1,0,1,0
1803,0,0,0,0,1,0,1,0
1804,0,0,4,1,0,0,0,0
1805,2,3,0,3,0,0,0,0
1806,0,0,0,1,0,0,0,0
1807,0,2,0,0,1,1,4,1
1808,0,0,0,0,0,0,1,0
1809,0,0,0,0,0,1,0,0
1810,0,0,0,0,0,0,0,2
1811,0,0,0,0,6,1,0,1
1812,1,0,0,0,10,0,1,6
1813,0,0,0,0,8,0,1,3
1814,0,1,3,0,0,0,0,0
1815,0,0,0,0,9,7,4,2
1816,0,0,0,0,0,1,4,0
1817,0,0,0,1,0,0,0,0
1818,1,4,0,12,0,0,0,0
1819,0,0,0,0,1,0,0,0
1820,1,3,5,0,0,7,2,3
1821,0,0,0,0,0,3,2,0
1822,0,0,0,0,0,1,0,0
1823,0,0,0,0,0,0,0,1
1824,0,0,0,0,0,0,0,2
1825,0,0,0,0,0,0,0,1
1826,0,0,0,0,0,0,0,1
1827,1,0,0,0,0,0,0,0
1828,1,0,0,0,0,0,0,1
1829,0,0,0,1,1,0,0,1
1830,3,1,0,0,7,1,0,2
1831,0,0,0,0,1,2,1,1
1832,6,4,0,0,0,2,1,0
1833,0,1,0,0,0,0,0,0
1834,0,0,1,0,0,0,0,0
1835,0,3,2,1,2,2,1,0
1836,0,0,0,1,0,0,0,0
1837,2,4,7,5,0,0,0,0
1838,4,1,3,8,0,0,1,1
1839,0,0,0,1,0,0,0,0
1840,0,0,0,0,0,0,1,0
1841,1,1,5,0,0,0,0,0
1842,1,0,0,0,0,0,0,0
1843,2,0,1,0,1,0,1,0
1844,1,0,0,0,0,0,0,0
1845,1,0,0,0,0,0,0,0
1846,0,0,0,0,1,7,3,0
1847,2,0,0,0,0,0,0,0
1848,0,0,0,0,0,1,1,0
1849,0,0,0,0,1,0,0,0
1850,1,0,3,0,2,3,6,1
1851,0,0,0,0,24,5,6,3
1852,0,0,1,0,0,0,0,0
1853,1,0,0,2,0,0,0,0
1854,0,0,0,3,0,0,0,0
1855,0,0,1,5,0,0,0,0
1856,0,3,0,0,0,2,0,0
1857,0,0,0,0,0,1,0,0
1858,0,0,3,0,6,4,5,0
1859,1,0,0,0,0,0,0,0
1860,0,0,1,0,0,0,0,0
1861,1,0,2,0,0,0,0,0
1862,1,1,1,0,0,0,0,0
1863,1,0,0,0,1,0,0,0
1864,0,1,1,0,1,3,2,1
1865,0,1,0,0,0,0,0,0
1866,1,2,0,0,0,1,3,0
1867,0,0,0,0,0,4,0,0
1868,0,0,0,0,0,8,0,0
1869,1,0,0,0,0,0,0,0
1870,1,0,1,0,0,0,0,0
1871,0,0,1,0,0,0,0,0
1872,0,0,0,1,0,1,0,0
1873,0,0,0,0,0,1,0,0
1874,0,0,0,0,0,1,1,0
1875,0,0,0,0,0,1,2,0
1876,0,0,0,0,1,6,7,0
1877,0,2,0,0,0,0,0,0
1878,0,2,1,0,0,0,0,0
1879,0,0,0,0,1,2,0,0
1880,0,0,0,0,0,6,0,0
1881,0,0,1,0,3,9,4,1
1882,1,6,0,2,2,7,1,1
1883,1,8,1,2,0,4,4,0
1884,1,1,0,0,0,0,0,0
1885,0,1,1,1,0,0,2,0
1886,0,1,0,0,0,0,0,0
1887,8,5,1,4,1,0,2,0
1888,0,0,0,0,3,1,0,0
1889,0,0,0,0,1,0,0,0
1890,0,0,0,0,1,0,0,0
1891,0,0,0,0,1,2,0,0
1892,0,0,0,0,0,2,1,0
1893,0,0,0,0,4,2,0,0
1894,1,0,0,0,0,0,0,0
1895,0,0,0,0,0,2,3,2
1896,0,1,0,0,0,1,0,0
1897,0,6,2,0,0,0,1,0
1898,0,1,0,0,0,0,0,0
1899,0,0,1,0,0,0,1,0
1900,0,1,0,1,0,0,0,0
1901,0,1,0,2,0,0,0,0
1902,1,0,0,0,0,0,1,0
1903,1,1,0,0,0,0,0,0
1904,1,0,0,0,0,0,0,0
1905,3,0,0,0,1,1,1,0
1906,0,0,0,0,0,5,2,0
1907,0,0,1,0,2,1,0,0
1908,0,0,0,0,0,5,0,0
1909,0,0,0,0,0,3,0,0
1910,0,0,0,0,0,1,0,0
1911,0,0,0,0,0,1,0,0
1912,1,0,0,0,0,0,0,0
1913,4,0,0,0,5,2,2,0
1914,1,0,0,1,0,0,1,0
1915,0,0,0,0,0,0,1,0
1916,0,0,0,0,0,0,4,0
1917,0,0,0,0,0,0,0,8
1918,1,0,3,0,2,2,2,2
1919,0,0,1,0,0,3,0,1
1920,0,0,0,0,0,1,0,1
1921,0,1,0,0,1,0,0,0
1922,1,0,0,0,0,1,0,0
1923,0,0,0,0,0,1,0,0
1924,6,0,0,0,9,2,4,5
1925,0,0,0,0,0,1,0,0
1926,0,0,1,0,0,3,2,2
1927,0,0,1,2,0,2,1,0
1928,0,0,1,0,0,1,0,0
1929,0,0,0,0,0,1,0,0
1930,0,0,0,0,1,0,0,0
1931,0,0,0,0,0,3,0,0
1932,0,0,2,0,0,0,0,5
1933,0,0,0,0,0,1,2,0
1934,0,0,0,0,7,7,6,5
1935,0,0,1,0,5,1,2,0
1936,1,5,1,0,1,5,4,2
1937,1,0,0,0,0,0,0,0
1938,1,1,0,0,0,0,0,0
1939,0,0,0,0,6,1,0,2
1940,0,0,1,0,0,0,0,0
1941,0,0,0,0,7,0,0,7
1942,1,0,0,0,0,3,0,0
1943,1,0,0,0,0,1,0,0
1944,1,0,0,0,0,0,0,0
1945,1,0,0,0,0,1,2,0
1946,0,0,0,0,0,1,0,0
1947,0,0,0,0,5,3,0,8
1948,0,1,0,0,1,0,0,0
1949,0,0,0,0,0,0,1,0
1950,0,1,0,0,0,0,3,0
1951,2,0,0,0,0,9,1,0
1952,1,1,0,0,2,0,0,0
1953,0,0,0,0,1,11,11,1
1954,1,1,0,1,0,0,0,0
1955,0,0,0,0,0,4,0,0
1956,1,0,2,0,2,0,1,0
1957,0,0,1,0,0,0,0,0
1958,2,0,3,0,0,0,0,0
1959,0,0,0,0,1,0,0,0
1960,0,0,0,0,0,1,0,0
1961,0,0,0,1,0,0,1,0
1962,0,0,2,0,1,0,0,0
1963,0,0,0,0,1,0,0,0
1964,0,0,0,0,0,0,1,0
1965,0,0,0,0,0,0,1,0
1966,0,2,0,0,0,0,1,0
1967,1,1,0,1,0,0,1,0
1968,0,0,0,0,0,0,1,1
1969,0,0,0,0,0,0,1,0
1970,0,0,0,0,0,1,1,0
1971,0,0,0,0,0,0,1,0
1972,0,1,1,0,0,0,0,0
1973,0,1,0,0,0,0,0,0
1974,0,1,0,0,0,0,0,0
1975,4,2,4,0,7,11,7,2
1976,0,0,0,0,0,3,0,1
1977,0,0,0,0,9,1,2,1
1978,0,0,0,0,0,1,0,1
1979,1,0,0,0,0,0,0,0
1980,12,9,6,2,0,0,1,0
1981,1,0,0,0,0,1,1,0
1982,0,0,0,0,0,1,6,0
1983,0,0,0,0,0,0,1,0
1984,0,2,5,0,1,2,0,0
1985,0,1,0,0,0,0,0,0
1986,0,1,0,0,0,0,0,0
1987,0,0,0,0,7,0,0,0
1988,0,0,0,0,1,0,0,0
1989,0,0,0,0,1,0,0,0
1990,0,0,0,0,1,1,0,0
1991,0,0,0,0,1,0,0,0
1992,1,2,0,0,1,2,0,0
1993,4,0,0,0,2,0,0,1
1994,5,3,0,0,0,0,0,0
1995,0,0,0,0,0,2,3,0
1996,0,3,1,0,0,2,0,0
1997,0,0,0,0,0,1,0,0
1998,0,0,0,0,0,1,0,0
1999,0,0,0,0,1,1,3,0
2000,0,0,0,0,0,1,4,0
2001,0,0,0,0,0,0,1,0
2002,0,0,0,0,0,0,2,0
2003,0,0,0,5,0,1,0,0
2004,0,1,0,17,0,0,0,0
2005,0,0,1,0,0,0,0,0
2006,0,0,2,0,0,0,0,0
2007,1,0,2,0,0,0,0,0
2008,2,0,0,0,1,1,2,0
2009,0,0,0,1,0,0,0,0
2010,0,1,1,0,0,0,0,0
2011,0,1,0,0,0,0,0,0
2012,1,1,2,0,0,0,0,0
2013,1,1,2,0,0,0,0,0
2014,0,1,0,0,0,0,0,0
2015,1,2,1,0,0,0,0,0
2016,1,0,0,0,0,0,0,0
2017,0,1,0,0,0,1,0,0
2018,0,1,0,1,0,3,1,0
2019,0,0,0,0,0,1,0,0
2020,1,2,0,0,0,0,0,0
2021,1,0,0,0,0,1,0,0
2022,0,0,0,0,0,1,0,0
2023,0,0,0,1,0,0,0,0
2024,4,0,0,0,0,2,0,0
2025,2,0,0,0,0,0,0,0
2026,0,0,1,0,0,1,0,0
2027,0,0,1,1,0,1,0,0
2028,0,0,0,0,0,2,7,0
2029,0,0,0,0,0,1,1,1
2030,0,0,0,0,1,0,0,1
2031,0,0,1,0,0,0,0,0
2032,0,0,2,0,1,1,0,0
2033,0,0,0,1,0,1,0,0
2034,0,0,0,1,0,0,0,0
2035,0,0,0,1,0,0,0,0
2036,6,2,6,0,9,9,13,0
2037,2,0,1,0,0,0,1,0
2038,1,0,0,0,0,0,1,0
2039,3,0,0,0,0,0,0,0
2040,4,2,0,1,0,2,1,0
2041,0,0,0,0,0,0,1,0
2042,4,0,0,0,0,1,1,0
2043,0,2,0,0,0,2,0,0
2044,0,2,0,2,0,3,2,0
2045,0,0,0,0,5,2,1,0
2046,0,0,0,0,0,0,1,0
2047,0,2,0,0,0,1,1,0
2048,0,0,0,0,0,0,1,0
2049,0,0,0,0,1,0,4,0
2050,1,2,0,0,0,0,0,0
2051,0,1,0,0,1,0,0,0
2052,0,0,0,0,1,1,0,0
2053,0,1,0,0,1,0,0,0
2054,0,0,0,1,0,0,0,0
2055,0,4,0,1,0,0,0,0
2056,0,4,0,1,0,0,0,0
2057,0,0,0,4,0,0,0,0
2058,0,0,0,1,0,0,0,0
2059,0,0,0,1,0,0,0,0
2060,0,0,0,1,0,0,0,0
2061,0,0,0,0,0,1,0,0
2062,1,0,3,0,0,0,0,0
2063,1,2,5,2,0,0,0,0
2064,1,0,2,0,0,0,1,0
2065,0,0,0,0,0,0,1,0
2066,15,6,2,0,0,1,1,0
2067,0,1,0,0,0,0,0,0
2068,0,0,1,0,0,0,0,0
2069,0,2,0,0,0,1,0,0
2070,0,1,0,0,0,0,0,0
2071,0,0,0,0,0,3,4,0
2072,1,0,0,0,0,0,0,0
2073,0,1,0,0,0,0,0,1
2074,0,1,1,0,0,0,0,0
2075,0,1,0,0,0,0,0,0
2076,1,0,0,0,0,0,0,0
2077,0,0,2,1,0,0,0,1
2078,0,0,1,0,0,0,0,1
2079,0,1,0,0,0,1,1,0
2080,1,0,0,3,0,0,0,0
2081,0,0,0,0,3,0,0,0
2082,0,0,0,0,1,0,0,0
2083,0,0,0,0,1,0,0,0
2084,4,2,1,4,0,0,0,0
2085,0,0,0,0,1,0,0,0
2086,1,1,0,0,0,0,0,0
2087,2,1,0,0,0,0,0,0
2088,1,0,0,0,0,0,0,0
2089,3,0,0,0,2,0,0,0
2090,0,0,1,0,1,5,1,1
2091,0,2,0,0,0,0,0,1
2092,0,2,2,0,0,0,0,0
2093,1,0,0,0,0,0,0,0
2094,1,1,0,0,0,0,0,0
2095,1,1,0,3,0,0,0,0
2096,0,0,0,1,0,0,0,1
2097,0,0,0,0,0,0,0,1
2098,1,0,0,0,0,0,0,1
2099,0,0,0,1,0,0,0,0
2100,0,2,0,4,0,0,0,0
2101,0,0,0,2,0,0,0,0
2102,0,0,0,0,0,0,1,0
2103,1,1,0,0,0,1,0,0
2104,0,0,0,0,0,0,1,0
2105,0,0,0,0,0,2,3,0
2106,0,0,1,0,0,0,0,0
2107,0,0,1,0,0,0,0,0
2108,2,1,0,0,0,1,0,3
2109,0,1,0,0,0,0,0,0
2110,0,1,0,0,0,0,0,0
2111,2,0,0,0,0,0,0,0
2112,1,0,0,0,0,0,0,0
2113,1,0,0,0,0,0,0,0
2114,1,0,0,0,0,0,0,0
2115,1,0,0,0,0,0,0,0
2116,1,0,0,0,0,3,1,0
2117,0,0,0,0,0,1,1,0
2118,0,0,0,0,0,4,5,0
2119,0,0,0,0,0,1,0,0
2120,0,1,0,0,0,0,0,1
2121,0,0,0,0,0,0,0,1
2122,0,0,1,0,3,1,0,1
2123,3,1,7,0,3,0,1,0
2124,0,0,0,0,1,1,0,0
2125,0,0,3,0,1,0,0,0
2126,0,0,3,0,2,0,1,0
2127,3,0,0,0,0,10,7,0
2128,3,0,0,0,0,0,0,2
2129,1,0,0,0,1,0,0,0
2130,0,0,0,0,0,0,0,1
2131,1,1,0,0,0,2,0,0
2132,0,1,0,0,0,0,0,0
2133,0,0,0,1,0,0,0,0
2134,0,0,0,3,0,2,1,0
2135,0,0,0,1,0,0,0,0
2136,0,0,0,0,0,1,0,0
2137,0,0,0,0,0,0,1,0
2138,2,1,1,0,0,3,0,1
2139,3,0,0,0,10,2,1,7
2140,0,0,0,0,2,1,0,0
2141,0,1,0,0,0,4,1,0
2142,0,0,0,0,0,0,1,1
2143,0,1,0,1,0,0,0,2
2144,0,0,3,0,5,1,7,0
2145,1,1,0,0,0,0,0,0
2146,0,0,1,0,0,0,0,0
2147,0,0,2,0,3,0,0,0
2148,1,0,0,0,0,0,0,0
2149,0,0,0,0,0,0,1,11
2150,0,0,0,0,0,3,4,0
2151,0,1,0,0,0,0,0,0
